INSERT INTO fmi_producer VALUES (1, 'HL2', 'Hirlam', 1, null, null, 1);
INSERT INTO fmi_producer VALUES (230, 'HL2MTA', 'Hirlam MTA', 1, null, null, 1);
INSERT INTO public.producer_grib VALUES (37, 230, 230, 86, NULL, NULL);
INSERT INTO public.producer_grib VALUES (1, 1, 1, 86, NULL, NULL);
INSERT INTO public.param_grib1 VALUES (3765, 230, 701, 203, 140, 0, NULL, NULL, NULL, NULL);
INSERT INTO public.param_grib1 VALUES (3675, 230, 1048, 203, 98, 0, NULL, NULL, NULL, NULL);
INSERT INTO public.param_grib1 VALUES (3700, 230, 1157, 203, 151, 0, NULL, NULL, NULL, NULL);
INSERT INTO public.param_grib1 VALUES (3703, 230, 1158, 203, 152, 0, NULL, NULL, NULL, NULL);
INSERT INTO public.param_grib1 VALUES (3706, 230, 1159, 203, 153, 0, NULL, NULL, NULL, NULL);
INSERT INTO public.param_grib1 VALUES (3709, 230, 1160, 203, 154, 0, NULL, NULL, NULL, NULL);
INSERT INTO public.param_grib1 VALUES (3789, 230, 20, 203, 62, 0, NULL, NULL, NULL, NULL);
INSERT INTO public.param_grib1 VALUES (3475, 230, 998, 203, 83, 0, NULL, NULL, NULL, NULL);
INSERT INTO public.param_grib1 VALUES (3712, 230, 1161, 203, 155, 0, NULL, NULL, NULL, NULL);
INSERT INTO public.param_grib1 VALUES (3627, 230, 719, 203, 137, 0, NULL, NULL, NULL, NULL);
INSERT INTO public.param_grib1 VALUES (3791, 230, 1200, 203, 242, 0, NULL, NULL, 'wetodb', '2018-02-23 13:33:34.053159+00');
INSERT INTO public.param_grib1 VALUES (3715, 230, 127, 203, 156, 0, NULL, NULL, NULL, NULL);
INSERT INTO public.param_grib1 VALUES (3718, 230, 1126, 203, 146, 0, NULL, NULL, NULL, NULL);
INSERT INTO public.param_grib1 VALUES (3697, 230, 1127, 203, 248, 0, NULL, NULL, NULL, NULL);
INSERT INTO public.param_grib1 VALUES (3698, 230, 1128, 203, 249, 0, NULL, NULL, NULL, NULL);
INSERT INTO public.param_grib1 VALUES (2245, 230, 219, 203, 46, 0, NULL, NULL, NULL, NULL);
INSERT INTO public.param_grib1 VALUES (3780, 230, 11, 203, 99, 0, NULL, NULL, NULL, NULL);
INSERT INTO public.param_grib1 VALUES (3699, 230, 1129, 203, 250, 0, NULL, NULL, NULL, NULL);
INSERT INTO public.param_grib1 VALUES (2224, 230, 699, 203, 81, 0, NULL, NULL, NULL, NULL);
INSERT INTO public.param_grib1 VALUES (2226, 230, 700, 203, 82, 0, NULL, NULL, NULL, NULL);
INSERT INTO public.param_grib1 VALUES (3508, 230, 1027, 203, 11, 0, NULL, NULL, NULL, NULL);
INSERT INTO public.param_grib1 VALUES (3511, 230, 1026, 203, 16, 0, NULL, NULL, NULL, NULL);
INSERT INTO public.param_grib1 VALUES (3758, 230, 1181, 203, 228, 0, NULL, NULL, NULL, NULL);
INSERT INTO public.param_grib1 VALUES (3759, 230, 1182, 203, 229, 0, NULL, NULL, NULL, NULL);
INSERT INTO public.param_grib1 VALUES (3547, 230, 1033, 203, 66, 0, NULL, NULL, NULL, NULL);
INSERT INTO public.param_grib1 VALUES (3534, 230, 1030, 203, 160, 0, NULL, NULL, NULL, NULL);
INSERT INTO public.param_grib1 VALUES (3537, 230, 976, 203, 139, 0, NULL, NULL, NULL, NULL);
INSERT INTO public.param_grib1 VALUES (3542, 230, 1034, 203, 214, 0, NULL, NULL, NULL, NULL);
INSERT INTO public.param_grib1 VALUES (913, 230, 162, 203, 10, 0, NULL, NULL, 'postgres', '2017-05-16 07:19:36.419858+00');
INSERT INTO public.param_grib1 VALUES (885, 230, 322, 203, 255, 0, NULL, NULL, NULL, NULL);
INSERT INTO public.param_grib1 VALUES (889, 230, 412, 203, 1, 0, NULL, NULL, NULL, NULL);
INSERT INTO public.param_grib1 VALUES (893, 230, 158, 203, 2, 0, NULL, NULL, NULL, NULL);
INSERT INTO public.param_grib1 VALUES (897, 230, 421, 203, 3, 0, NULL, NULL, NULL, NULL);
INSERT INTO public.param_grib1 VALUES (901, 230, 154, 203, 4, 0, NULL, NULL, NULL, NULL);
INSERT INTO public.param_grib1 VALUES (905, 230, 313, 203, 8, 0, NULL, NULL, NULL, NULL);
INSERT INTO public.param_grib1 VALUES (909, 230, 159, 203, 9, 0, NULL, NULL, NULL, NULL);
INSERT INTO public.param_grib1 VALUES (917, 230, 138, 203, 12, 0, NULL, NULL, NULL, NULL);
INSERT INTO public.param_grib1 VALUES (921, 230, 163, 203, 13, 0, NULL, NULL, NULL, NULL);
INSERT INTO public.param_grib1 VALUES (925, 230, 164, 203, 15, 0, NULL, NULL, NULL, NULL);
INSERT INTO public.param_grib1 VALUES (929, 230, 204, 203, 18, 0, NULL, NULL, NULL, NULL);
INSERT INTO public.param_grib1 VALUES (933, 230, 503, 203, 19, 0, NULL, NULL, NULL, NULL);
INSERT INTO public.param_grib1 VALUES (937, 230, 169, 203, 20, 0, NULL, NULL, NULL, NULL);
INSERT INTO public.param_grib1 VALUES (941, 230, 166, 203, 21, 0, NULL, NULL, NULL, NULL);
INSERT INTO public.param_grib1 VALUES (945, 230, 442, 203, 22, 0, NULL, NULL, NULL, NULL);
INSERT INTO public.param_grib1 VALUES (949, 230, 171, 203, 23, 0, NULL, NULL, NULL, NULL);
INSERT INTO public.param_grib1 VALUES (953, 230, 174, 203, 24, 0, NULL, NULL, NULL, NULL);
INSERT INTO public.param_grib1 VALUES (957, 230, 411, 203, 27, 0, NULL, NULL, NULL, NULL);
INSERT INTO public.param_grib1 VALUES (961, 230, 606, 203, 28, 0, NULL, NULL, NULL, NULL);
INSERT INTO public.param_grib1 VALUES (969, 230, 425, 203, 38, 0, NULL, NULL, NULL, NULL);
INSERT INTO public.param_grib1 VALUES (977, 230, 177, 203, 40, 0, NULL, NULL, NULL, NULL);
INSERT INTO public.param_grib1 VALUES (1017, 230, 504, 203, 56, 4, NULL, NULL, 'wetodb', '2017-05-16 13:17:46.650098+00');
INSERT INTO public.param_grib1 VALUES (981, 230, 175, 203, 43, 0, NULL, NULL, NULL, NULL);
INSERT INTO public.param_grib1 VALUES (985, 230, 523, 203, 44, 0, NULL, NULL, NULL, NULL);
INSERT INTO public.param_grib1 VALUES (989, 230, 661, 203, 47, 0, NULL, NULL, NULL, NULL);
INSERT INTO public.param_grib1 VALUES (1025, 230, 506, 203, 58, 4, NULL, NULL, 'wetodb', '2017-05-16 13:19:16.860882+00');
INSERT INTO public.param_grib1 VALUES (3655, 230, 1089, 203, 245, 0, NULL, NULL, NULL, NULL);
INSERT INTO public.param_grib1 VALUES (3567, 230, 1054, 203, 123, 0, NULL, NULL, NULL, NULL);
INSERT INTO public.param_grib1 VALUES (997, 230, 217, 203, 51, 0, NULL, NULL, NULL, NULL);
INSERT INTO public.param_grib1 VALUES (1001, 230, 439, 203, 52, 0, NULL, NULL, NULL, NULL);
INSERT INTO public.param_grib1 VALUES (1005, 230, 440, 203, 53, 0, NULL, NULL, NULL, NULL);
INSERT INTO public.param_grib1 VALUES (3569, 230, 711, 203, 240, 0, NULL, NULL, NULL, NULL);
INSERT INTO public.param_grib1 VALUES (1009, 230, 181, 203, 54, 4, NULL, NULL, 'wetodb', '2017-05-17 05:58:50.249819+00');
INSERT INTO public.param_grib1 VALUES (1013, 230, 182, 203, 55, 4, NULL, NULL, 'wetodb', '2017-05-17 05:58:50.249819+00');
INSERT INTO public.param_grib1 VALUES (3572, 230, 375, 203, 138, 0, NULL, NULL, NULL, NULL);
INSERT INTO public.param_grib1 VALUES (1057, 230, 441, 203, 71, 4, NULL, NULL, 'wetodb', '2017-05-17 05:58:50.249819+00');
INSERT INTO public.param_grib1 VALUES (1061, 230, 201, 203, 72, 4, NULL, NULL, 'wetodb', '2017-05-17 05:58:50.249819+00');
INSERT INTO public.param_grib1 VALUES (1065, 230, 200, 203, 73, 4, NULL, NULL, 'wetodb', '2017-05-17 05:58:50.249819+00');
INSERT INTO public.param_grib1 VALUES (1029, 230, 2, 203, 59, 0, NULL, NULL, NULL, NULL);
INSERT INTO public.param_grib1 VALUES (1033, 230, 443, 203, 60, 0, NULL, NULL, NULL, NULL);
INSERT INTO public.param_grib1 VALUES (1045, 230, 510, 203, 68, 0, NULL, NULL, NULL, NULL);
INSERT INTO public.param_grib1 VALUES (1049, 230, 499, 203, 69, 0, NULL, NULL, NULL, NULL);
INSERT INTO public.param_grib1 VALUES (1053, 230, 554, 203, 70, 0, NULL, NULL, NULL, NULL);
INSERT INTO public.param_grib1 VALUES (1069, 230, 194, 203, 74, 0, NULL, NULL, NULL, NULL);
INSERT INTO public.param_grib1 VALUES (1073, 230, 216, 203, 75, 0, NULL, NULL, NULL, NULL);
INSERT INTO public.param_grib1 VALUES (1081, 230, 654, 203, 78, 0, NULL, NULL, NULL, NULL);
INSERT INTO public.param_grib1 VALUES (1085, 230, 187, 203, 79, 0, NULL, NULL, NULL, NULL);
INSERT INTO public.param_grib1 VALUES (1089, 230, 188, 203, 80, 0, NULL, NULL, NULL, NULL);
INSERT INTO public.param_grib1 VALUES (1093, 230, 137, 203, 89, 0, NULL, NULL, NULL, NULL);
INSERT INTO public.param_grib1 VALUES (1097, 230, 189, 203, 91, 0, NULL, NULL, NULL, NULL);
INSERT INTO public.param_grib1 VALUES (1101, 230, 500, 203, 95, 0, NULL, NULL, NULL, NULL);
INSERT INTO public.param_grib1 VALUES (1153, 230, 509, 203, 110, 4, NULL, NULL, 'wetodb', '2017-05-17 05:55:36.869054+00');
INSERT INTO public.param_grib1 VALUES (1105, 230, 502, 203, 96, 0, NULL, NULL, NULL, NULL);
INSERT INTO public.param_grib1 VALUES (1113, 230, 148, 203, 100, 0, NULL, NULL, NULL, NULL);
INSERT INTO public.param_grib1 VALUES (1117, 230, 369, 203, 101, 0, NULL, NULL, NULL, NULL);
INSERT INTO public.param_grib1 VALUES (1121, 230, 405, 203, 102, 0, NULL, NULL, NULL, NULL);
INSERT INTO public.param_grib1 VALUES (3629, 230, 704, 203, 184, 0, NULL, NULL, NULL, NULL);
INSERT INTO public.param_grib1 VALUES (1125, 230, 642, 203, 103, 0, NULL, NULL, NULL, NULL);
INSERT INTO public.param_grib1 VALUES (3656, 230, 1090, 203, 246, 0, NULL, NULL, NULL, NULL);
INSERT INTO public.param_grib1 VALUES (1129, 230, 52, 203, 104, 0, NULL, NULL, NULL, NULL);
INSERT INTO public.param_grib1 VALUES (3631, 230, 707, 203, 239, 0, NULL, NULL, NULL, NULL);
INSERT INTO public.param_grib1 VALUES (1133, 230, 583, 203, 105, 0, NULL, NULL, NULL, NULL);
INSERT INTO public.param_grib1 VALUES (1137, 230, 221, 203, 106, 0, NULL, NULL, NULL, NULL);
INSERT INTO public.param_grib1 VALUES (1141, 230, 222, 203, 107, 0, NULL, NULL, NULL, NULL);
INSERT INTO public.param_grib1 VALUES (3657, 230, 1091, 203, 247, 0, NULL, NULL, NULL, NULL);
INSERT INTO public.param_grib1 VALUES (3720, 230, 1094, 203, 148, 0, NULL, NULL, 'wetodb', '2017-10-05 07:21:47.827449+00');
INSERT INTO public.param_grib1 VALUES (3722, 230, 1093, 203, 149, 0, NULL, NULL, NULL, NULL);
INSERT INTO public.param_grib1 VALUES (3899, 230, 1281, 203, 180, 0, NULL, NULL, NULL, NULL);
INSERT INTO public.param_grib1 VALUES (1205, 230, 39, 203, 126, 0, NULL, NULL, NULL, NULL);
INSERT INTO public.param_grib1 VALUES (1209, 230, 498, 203, 128, 0, NULL, NULL, NULL, NULL);
INSERT INTO public.param_grib1 VALUES (1213, 230, 329, 203, 129, 0, NULL, NULL, NULL, NULL);
INSERT INTO public.param_grib1 VALUES (1325, 230, 324, 203, 165, 4, NULL, NULL, 'wetodb', '2017-05-17 05:58:50.249819+00');
INSERT INTO public.param_grib1 VALUES (1217, 230, 370, 203, 130, 0, NULL, NULL, NULL, NULL);
INSERT INTO public.param_grib1 VALUES (1253, 230, 1125, 203, 145, 0, NULL, NULL, 'wetodb', '2017-10-05 07:17:02.202913+00');
INSERT INTO public.param_grib1 VALUES (1261, 230, 592, 203, 147, 0, NULL, NULL, NULL, NULL);
INSERT INTO public.param_grib1 VALUES (3877, 230, 1204, 203, 252, 0, NULL, NULL, NULL, NULL);
INSERT INTO public.param_grib1 VALUES (1317, 230, 407, 203, 163, 0, NULL, NULL, NULL, NULL);
INSERT INTO public.param_grib1 VALUES (1321, 230, 561, 203, 164, 0, NULL, NULL, NULL, NULL);
INSERT INTO public.param_grib1 VALUES (1329, 230, 371, 203, 166, 0, NULL, NULL, NULL, NULL);
INSERT INTO public.param_grib1 VALUES (1333, 230, 655, 203, 167, 0, NULL, NULL, NULL, NULL);
INSERT INTO public.param_grib1 VALUES (1337, 230, 327, 203, 168, 0, NULL, NULL, NULL, NULL);
INSERT INTO public.param_grib1 VALUES (1341, 230, 330, 203, 169, 0, NULL, NULL, NULL, NULL);
INSERT INTO public.param_grib1 VALUES (1345, 230, 331, 203, 170, 0, NULL, NULL, NULL, NULL);
INSERT INTO public.param_grib1 VALUES (1349, 230, 332, 203, 171, 0, NULL, NULL, NULL, NULL);
INSERT INTO public.param_grib1 VALUES (1353, 230, 333, 203, 172, 0, NULL, NULL, NULL, NULL);
INSERT INTO public.param_grib1 VALUES (1397, 230, 146, 203, 183, 0, NULL, NULL, NULL, NULL);
INSERT INTO public.param_grib1 VALUES (1409, 230, 147, 203, 186, 0, NULL, NULL, NULL, NULL);
INSERT INTO public.param_grib1 VALUES (1449, 230, 611, 203, 196, 0, NULL, NULL, NULL, NULL);
INSERT INTO public.param_grib1 VALUES (1453, 230, 612, 203, 197, 0, NULL, NULL, NULL, NULL);
INSERT INTO public.param_grib1 VALUES (1457, 230, 613, 203, 198, 0, NULL, NULL, NULL, NULL);
INSERT INTO public.param_grib1 VALUES (1465, 230, 607, 203, 200, 0, NULL, NULL, NULL, NULL);
INSERT INTO public.param_grib1 VALUES (1469, 230, 88, 203, 201, 0, NULL, NULL, NULL, NULL);
INSERT INTO public.param_grib1 VALUES (1473, 230, 89, 203, 202, 0, NULL, NULL, NULL, NULL);
INSERT INTO public.param_grib1 VALUES (1477, 230, 555, 203, 203, 0, NULL, NULL, NULL, NULL);
INSERT INTO public.param_grib1 VALUES (1489, 230, 404, 203, 206, 0, NULL, NULL, NULL, NULL);
INSERT INTO public.param_grib1 VALUES (1517, 230, 326, 203, 213, 4, NULL, NULL, 'wetodb', '2017-05-17 05:58:50.249819+00');
INSERT INTO public.param_grib1 VALUES (1493, 230, 609, 203, 207, 0, NULL, NULL, NULL, NULL);
INSERT INTO public.param_grib1 VALUES (1497, 230, 653, 203, 208, 0, NULL, NULL, NULL, NULL);
INSERT INTO public.param_grib1 VALUES (1501, 230, 660, 203, 209, 0, NULL, NULL, NULL, NULL);
INSERT INTO public.param_grib1 VALUES (1505, 230, 659, 203, 210, 0, NULL, NULL, NULL, NULL);
INSERT INTO public.param_grib1 VALUES (1605, 230, 372, 203, 235, 0, NULL, NULL, 'wetodb', '2017-10-09 17:53:00.736008+00');
INSERT INTO public.param_grib1 VALUES (1509, 230, 610, 203, 211, 0, NULL, NULL, NULL, NULL);
INSERT INTO public.param_grib1 VALUES (1609, 230, 373, 203, 181, 0, NULL, NULL, 'wetodb', '2017-08-18 08:50:37.279908+00');
INSERT INTO public.param_grib1 VALUES (1513, 230, 590, 203, 212, 0, NULL, NULL, NULL, NULL);
INSERT INTO public.param_grib1 VALUES (1621, 230, 376, 203, 236, 0, NULL, NULL, 'wetodb', '2017-08-18 08:50:58.375973+00');
INSERT INTO public.param_grib1 VALUES (1613, 230, 374, 203, 182, 0, NULL, NULL, 'wetodb', '2017-08-18 08:55:14.990586+00');
INSERT INTO public.param_grib1 VALUES (1625, 230, 377, 203, 238, 0, NULL, NULL, 'wetodb', '2017-05-28 11:08:26.033749+00');
INSERT INTO public.param_grib1 VALUES (1629, 230, 559, 203, 241, 0, NULL, NULL, NULL, NULL);
INSERT INTO public.param_grib1 VALUES (1637, 230, 379, 203, 243, 0, NULL, NULL, NULL, NULL);
INSERT INTO public.param_grib1 VALUES (1641, 230, 63, 203, 244, 0, NULL, NULL, NULL, NULL);
INSERT INTO public.param_grib1 VALUES (1669, 230, 386, 203, 251, 0, NULL, NULL, NULL, NULL);
INSERT INTO public.param_grib1 VALUES (3450, 230, 975, 203, 162, 0, NULL, NULL, NULL, NULL);
INSERT INTO public.param_grib1 VALUES (3454, 230, 774, 203, 97, 0, NULL, NULL, NULL, NULL);
INSERT INTO public.param_grib1 VALUES (2181, 230, 1374, 203, 127, 0, NULL, NULL, 'wetodb', '2020-05-07 06:19:07.619053+00');
INSERT INTO public.param_grib1 VALUES (3671, 230, 1379, 203, 234, 0, NULL, NULL, 'wetodb', '2020-05-07 06:19:07.619053+00');
INSERT INTO public.param_grib1 (id, producer_id, param_id, table_version, number, timerange_indicator, level_id, level_value, last_updater, last_updated) VALUES (3, 1, 221, 1, 79, 4, NULL, NULL, NULL, NULL);
INSERT INTO public.param_grib1 (id, producer_id, param_id, table_version, number, timerange_indicator, level_id, level_value, last_updater, last_updated) VALUES (8, 1, 132, 1, 227, 0, NULL, NULL, NULL, NULL);
INSERT INTO public.param_grib1 (id, producer_id, param_id, table_version, number, timerange_indicator, level_id, level_value, last_updater, last_updated) VALUES (13, 1, 59, 1, 142, 0, NULL, NULL, NULL, NULL);
INSERT INTO public.param_grib1 (id, producer_id, param_id, table_version, number, timerange_indicator, level_id, level_value, last_updater, last_updated) VALUES (23, 1, 143, 1, 81, 0, NULL, NULL, NULL, NULL);
INSERT INTO public.param_grib1 (id, producer_id, param_id, table_version, number, timerange_indicator, level_id, level_value, last_updater, last_updated) VALUES (28, 1, 33, 1, 141, 0, NULL, NULL, NULL, NULL);
INSERT INTO public.param_grib1 (id, producer_id, param_id, table_version, number, timerange_indicator, level_id, level_value, last_updater, last_updated) VALUES (33, 1, 34, 1, 140, 0, NULL, NULL, NULL, NULL);
INSERT INTO public.param_grib1 (id, producer_id, param_id, table_version, number, timerange_indicator, level_id, level_value, last_updater, last_updated) VALUES (38, 1, 146, 1, 83, 0, NULL, NULL, NULL, NULL);
INSERT INTO public.param_grib1 (id, producer_id, param_id, table_version, number, timerange_indicator, level_id, level_value, last_updater, last_updated) VALUES (18, 1, 2, 1, 226, 0, NULL, NULL, 'postgres', '2017-01-08 18:31:45.991879+00');
INSERT INTO public.param_grib1 (id, producer_id, param_id, table_version, number, timerange_indicator, level_id, level_value, last_updater, last_updated) VALUES (53, 1, 137, 1, 84, 0, NULL, NULL, NULL, NULL);
INSERT INTO public.param_grib1 (id, producer_id, param_id, table_version, number, timerange_indicator, level_id, level_value, last_updater, last_updated) VALUES (58, 1, 583, 1, 137, 0, NULL, NULL, NULL, NULL);
INSERT INTO public.param_grib1 (id, producer_id, param_id, table_version, number, timerange_indicator, level_id, level_value, last_updater, last_updated) VALUES (63, 1, 277, 1, 136, 0, NULL, NULL, NULL, NULL);
INSERT INTO public.param_grib1 (id, producer_id, param_id, table_version, number, timerange_indicator, level_id, level_value, last_updater, last_updated) VALUES (68, 1, 147, 1, 86, 0, NULL, NULL, NULL, NULL);
INSERT INTO public.param_grib1 (id, producer_id, param_id, table_version, number, timerange_indicator, level_id, level_value, last_updater, last_updated) VALUES (73, 1, 408, 1, 135, 0, NULL, NULL, NULL, NULL);
INSERT INTO public.param_grib1 (id, producer_id, param_id, table_version, number, timerange_indicator, level_id, level_value, last_updater, last_updated) VALUES (78, 1, 56, 1, 134, 0, NULL, NULL, NULL, NULL);
INSERT INTO public.param_grib1 (id, producer_id, param_id, table_version, number, timerange_indicator, level_id, level_value, last_updater, last_updated) VALUES (118, 1, 214, 1, 15, 0, NULL, NULL, 'postgres', '2017-01-08 18:40:21.251019+00');
INSERT INTO public.param_grib1 (id, producer_id, param_id, table_version, number, timerange_indicator, level_id, level_value, last_updater, last_updated) VALUES (83, 1, 559, 1, 225, 0, NULL, NULL, NULL, NULL);
INSERT INTO public.param_grib1 (id, producer_id, param_id, table_version, number, timerange_indicator, level_id, level_value, last_updater, last_updated) VALUES (88, 1, 148, 1, 91, 0, NULL, NULL, NULL, NULL);
INSERT INTO public.param_grib1 (id, producer_id, param_id, table_version, number, timerange_indicator, level_id, level_value, last_updater, last_updated) VALUES (93, 1, 63, 1, 224, 0, NULL, NULL, NULL, NULL);
INSERT INTO public.param_grib1 (id, producer_id, param_id, table_version, number, timerange_indicator, level_id, level_value, last_updater, last_updated) VALUES (98, 1, 55, 1, 133, 0, NULL, NULL, NULL, NULL);
INSERT INTO public.param_grib1 (id, producer_id, param_id, table_version, number, timerange_indicator, level_id, level_value, last_updater, last_updated) VALUES (103, 1, 54, 1, 132, 0, NULL, NULL, NULL, NULL);
INSERT INTO public.param_grib1 (id, producer_id, param_id, table_version, number, timerange_indicator, level_id, level_value, last_updater, last_updated) VALUES (108, 1, 53, 1, 131, 0, NULL, NULL, NULL, NULL);
INSERT INTO public.param_grib1 (id, producer_id, param_id, table_version, number, timerange_indicator, level_id, level_value, last_updater, last_updated) VALUES (113, 1, 62, 1, 223, 0, NULL, NULL, NULL, NULL);
INSERT INTO public.param_grib1 (id, producer_id, param_id, table_version, number, timerange_indicator, level_id, level_value, last_updater, last_updated) VALUES (123, 1, 555, 1, 128, 0, NULL, NULL, NULL, NULL);
INSERT INTO public.param_grib1 (id, producer_id, param_id, table_version, number, timerange_indicator, level_id, level_value, last_updater, last_updated) VALUES (128, 1, 449, 1, 101, 0, NULL, NULL, NULL, NULL);
INSERT INTO public.param_grib1 (id, producer_id, param_id, table_version, number, timerange_indicator, level_id, level_value, last_updater, last_updated) VALUES (138, 1, 447, 1, 102, 0, NULL, NULL, NULL, NULL);
INSERT INTO public.param_grib1 (id, producer_id, param_id, table_version, number, timerange_indicator, level_id, level_value, last_updater, last_updated) VALUES (143, 1, 375, 1, 222, 0, NULL, NULL, 'postgres', '2017-01-08 18:27:05.865154+00');
INSERT INTO public.param_grib1 (id, producer_id, param_id, table_version, number, timerange_indicator, level_id, level_value, last_updater, last_updated) VALUES (203, 1, 318, 1, 117, 4, NULL, NULL, 'postgres', '2017-01-08 18:35:29.820658+00');
INSERT INTO public.param_grib1 (id, producer_id, param_id, table_version, number, timerange_indicator, level_id, level_value, last_updater, last_updated) VALUES (153, 1, 448, 1, 103, 0, NULL, NULL, NULL, NULL);
INSERT INTO public.param_grib1 (id, producer_id, param_id, table_version, number, timerange_indicator, level_id, level_value, last_updater, last_updated) VALUES (158, 1, 662, 1, 220, 0, NULL, NULL, NULL, NULL);
INSERT INTO public.param_grib1 (id, producer_id, param_id, table_version, number, timerange_indicator, level_id, level_value, last_updater, last_updated) VALUES (163, 1, 89, 1, 122, 4, NULL, NULL, NULL, NULL);
INSERT INTO public.param_grib1 (id, producer_id, param_id, table_version, number, timerange_indicator, level_id, level_value, last_updater, last_updated) VALUES (173, 1, 162, 1, 17, 0, NULL, NULL, 'postgres', '2017-01-08 18:39:20.361707+00');
INSERT INTO public.param_grib1 (id, producer_id, param_id, table_version, number, timerange_indicator, level_id, level_value, last_updater, last_updated) VALUES (168, 1, 215, 1, 16, 0, NULL, NULL, 'postgres', '2017-01-08 18:40:21.251019+00');
INSERT INTO public.param_grib1 (id, producer_id, param_id, table_version, number, timerange_indicator, level_id, level_value, last_updater, last_updated) VALUES (3560, 1, 314, 1, 111, 4, NULL, NULL, NULL, NULL);
INSERT INTO public.param_grib1 (id, producer_id, param_id, table_version, number, timerange_indicator, level_id, level_value, last_updater, last_updated) VALUES (208, 1, 320, 1, 114, 4, NULL, NULL, 'postgres', '2017-01-08 18:55:56.607589+00');
INSERT INTO public.param_grib1 (id, producer_id, param_id, table_version, number, timerange_indicator, level_id, level_value, last_updater, last_updated) VALUES (198, 1, 319, 1, 113, 0, NULL, NULL, 'postgres', '2017-01-08 18:56:22.811129+00');
INSERT INTO public.param_grib1 (id, producer_id, param_id, table_version, number, timerange_indicator, level_id, level_value, last_updater, last_updated) VALUES (213, 1, 426, 1, 20, 0, NULL, NULL, NULL, NULL);
INSERT INTO public.param_grib1 (id, producer_id, param_id, table_version, number, timerange_indicator, level_id, level_value, last_updater, last_updated) VALUES (188, 1, 316, 1, 112, 0, NULL, NULL, 'postgres', '2017-01-08 18:57:17.775946+00');
INSERT INTO public.param_grib1 (id, producer_id, param_id, table_version, number, timerange_indicator, level_id, level_value, last_updater, last_updated) VALUES (223, 1, 490, 1, 210, 0, NULL, NULL, NULL, NULL);
INSERT INTO public.param_grib1 (id, producer_id, param_id, table_version, number, timerange_indicator, level_id, level_value, last_updater, last_updated) VALUES (178, 1, 314, 1, 111, 0, NULL, NULL, 'postgres', '2017-01-08 18:57:17.775946+00');
INSERT INTO public.param_grib1 (id, producer_id, param_id, table_version, number, timerange_indicator, level_id, level_value, last_updater, last_updated) VALUES (228, 1, 590, 1, 202, 0, NULL, NULL, NULL, NULL);
INSERT INTO public.param_grib1 (id, producer_id, param_id, table_version, number, timerange_indicator, level_id, level_value, last_updater, last_updated) VALUES (233, 1, 617, 1, 201, 0, NULL, NULL, NULL, NULL);
INSERT INTO public.param_grib1 (id, producer_id, param_id, table_version, number, timerange_indicator, level_id, level_value, last_updater, last_updated) VALUES (238, 1, 653, 1, 200, 0, NULL, NULL, NULL, NULL);
INSERT INTO public.param_grib1 (id, producer_id, param_id, table_version, number, timerange_indicator, level_id, level_value, last_updater, last_updated) VALUES (243, 1, 610, 1, 199, 0, NULL, NULL, NULL, NULL);
INSERT INTO public.param_grib1 (id, producer_id, param_id, table_version, number, timerange_indicator, level_id, level_value, last_updater, last_updated) VALUES (248, 1, 149, 1, 197, 0, NULL, NULL, NULL, NULL);
INSERT INTO public.param_grib1 (id, producer_id, param_id, table_version, number, timerange_indicator, level_id, level_value, last_updater, last_updated) VALUES (253, 1, 609, 1, 195, 0, NULL, NULL, NULL, NULL);
INSERT INTO public.param_grib1 (id, producer_id, param_id, table_version, number, timerange_indicator, level_id, level_value, last_updater, last_updated) VALUES (148, 1, 660, 1, 124, 4, NULL, NULL, 'postgres', '2015-05-11 12:58:37.271618+00');
INSERT INTO public.param_grib1 (id, producer_id, param_id, table_version, number, timerange_indicator, level_id, level_value, last_updater, last_updated) VALUES (258, 1, 171, 1, 33, 0, NULL, NULL, NULL, NULL);
INSERT INTO public.param_grib1 (id, producer_id, param_id, table_version, number, timerange_indicator, level_id, level_value, last_updater, last_updated) VALUES (263, 1, 608, 1, 194, 0, NULL, NULL, NULL, NULL);
INSERT INTO public.param_grib1 (id, producer_id, param_id, table_version, number, timerange_indicator, level_id, level_value, last_updater, last_updated) VALUES (268, 1, 35, 1, 193, 0, NULL, NULL, NULL, NULL);
INSERT INTO public.param_grib1 (id, producer_id, param_id, table_version, number, timerange_indicator, level_id, level_value, last_updater, last_updated) VALUES (273, 1, 174, 1, 34, 0, NULL, NULL, NULL, NULL);
INSERT INTO public.param_grib1 (id, producer_id, param_id, table_version, number, timerange_indicator, level_id, level_value, last_updater, last_updated) VALUES (278, 1, 607, 1, 192, 0, NULL, NULL, NULL, NULL);
INSERT INTO public.param_grib1 (id, producer_id, param_id, table_version, number, timerange_indicator, level_id, level_value, last_updater, last_updated) VALUES (283, 1, 220, 1, 236, 0, NULL, NULL, NULL, NULL);
INSERT INTO public.param_grib1 (id, producer_id, param_id, table_version, number, timerange_indicator, level_id, level_value, last_updater, last_updated) VALUES (288, 1, 177, 1, 39, 0, NULL, NULL, NULL, NULL);
INSERT INTO public.param_grib1 (id, producer_id, param_id, table_version, number, timerange_indicator, level_id, level_value, last_updater, last_updated) VALUES (293, 1, 158, 1, 6, 0, NULL, NULL, NULL, NULL);
INSERT INTO public.param_grib1 (id, producer_id, param_id, table_version, number, timerange_indicator, level_id, level_value, last_updater, last_updated) VALUES (303, 1, 203, 1, 41, 0, NULL, NULL, NULL, NULL);
INSERT INTO public.param_grib1 (id, producer_id, param_id, table_version, number, timerange_indicator, level_id, level_value, last_updater, last_updated) VALUES (308, 1, 276, 1, 235, 0, NULL, NULL, NULL, NULL);
INSERT INTO public.param_grib1 (id, producer_id, param_id, table_version, number, timerange_indicator, level_id, level_value, last_updater, last_updated) VALUES (313, 1, 138, 1, 51, 0, NULL, NULL, NULL, NULL);
INSERT INTO public.param_grib1 (id, producer_id, param_id, table_version, number, timerange_indicator, level_id, level_value, last_updater, last_updated) VALUES (323, 1, 139, 1, 1, 0, NULL, NULL, NULL, NULL);
INSERT INTO public.param_grib1 (id, producer_id, param_id, table_version, number, timerange_indicator, level_id, level_value, last_updater, last_updated) VALUES (328, 1, 616, 1, 169, 0, NULL, NULL, NULL, NULL);
INSERT INTO public.param_grib1 (id, producer_id, param_id, table_version, number, timerange_indicator, level_id, level_value, last_updater, last_updated) VALUES (333, 1, 661, 1, 54, 0, NULL, NULL, NULL, NULL);
INSERT INTO public.param_grib1 (id, producer_id, param_id, table_version, number, timerange_indicator, level_id, level_value, last_updater, last_updated) VALUES (338, 1, 658, 1, 57, 0, NULL, NULL, NULL, NULL);
INSERT INTO public.param_grib1 (id, producer_id, param_id, table_version, number, timerange_indicator, level_id, level_value, last_updater, last_updated) VALUES (343, 1, 52, 1, 58, 0, NULL, NULL, NULL, NULL);
INSERT INTO public.param_grib1 (id, producer_id, param_id, table_version, number, timerange_indicator, level_id, level_value, last_updater, last_updated) VALUES (353, 1, 153, 1, 11, 0, NULL, NULL, NULL, NULL);
INSERT INTO public.param_grib1 (id, producer_id, param_id, table_version, number, timerange_indicator, level_id, level_value, last_updater, last_updated) VALUES (358, 1, 179, 1, 61, 4, NULL, NULL, NULL, NULL);
INSERT INTO public.param_grib1 (id, producer_id, param_id, table_version, number, timerange_indicator, level_id, level_value, last_updater, last_updated) VALUES (363, 1, 561, 1, 164, 0, NULL, NULL, NULL, NULL);
INSERT INTO public.param_grib1 (id, producer_id, param_id, table_version, number, timerange_indicator, level_id, level_value, last_updater, last_updated) VALUES (368, 1, 596, 1, 163, 0, NULL, NULL, NULL, NULL);
INSERT INTO public.param_grib1 (id, producer_id, param_id, table_version, number, timerange_indicator, level_id, level_value, last_updater, last_updated) VALUES (373, 1, 184, 1, 62, 4, NULL, NULL, NULL, NULL);
INSERT INTO public.param_grib1 (id, producer_id, param_id, table_version, number, timerange_indicator, level_id, level_value, last_updater, last_updated) VALUES (378, 1, 186, 1, 63, 4, NULL, NULL, NULL, NULL);
INSERT INTO public.param_grib1 (id, producer_id, param_id, table_version, number, timerange_indicator, level_id, level_value, last_updater, last_updated) VALUES (383, 1, 595, 1, 162, 0, NULL, NULL, NULL, NULL);
INSERT INTO public.param_grib1 (id, producer_id, param_id, table_version, number, timerange_indicator, level_id, level_value, last_updater, last_updated) VALUES (393, 1, 510, 1, 65, 4, NULL, NULL, NULL, NULL);
INSERT INTO public.param_grib1 (id, producer_id, param_id, table_version, number, timerange_indicator, level_id, level_value, last_updater, last_updated) VALUES (398, 1, 565, 1, 161, 0, NULL, NULL, NULL, NULL);
INSERT INTO public.param_grib1 (id, producer_id, param_id, table_version, number, timerange_indicator, level_id, level_value, last_updater, last_updated) VALUES (403, 1, 217, 1, 66, 0, NULL, NULL, NULL, NULL);
INSERT INTO public.param_grib1 (id, producer_id, param_id, table_version, number, timerange_indicator, level_id, level_value, last_updater, last_updated) VALUES (133, 1, 659, 1, 125, 4, NULL, NULL, 'postgres', '2015-05-11 12:59:09.663603+00');
INSERT INTO public.param_grib1 (id, producer_id, param_id, table_version, number, timerange_indicator, level_id, level_value, last_updater, last_updated) VALUES (408, 1, 655, 1, 67, 0, NULL, NULL, NULL, NULL);
INSERT INTO public.param_grib1 (id, producer_id, param_id, table_version, number, timerange_indicator, level_id, level_value, last_updater, last_updated) VALUES (413, 1, 663, 1, 230, 0, NULL, NULL, NULL, NULL);
INSERT INTO public.param_grib1 (id, producer_id, param_id, table_version, number, timerange_indicator, level_id, level_value, last_updater, last_updated) VALUES (418, 1, 438, 1, 71, 0, NULL, NULL, NULL, NULL);
INSERT INTO public.param_grib1 (id, producer_id, param_id, table_version, number, timerange_indicator, level_id, level_value, last_updater, last_updated) VALUES (428, 1, 644, 1, 2, 0, NULL, NULL, NULL, NULL);
INSERT INTO public.param_grib1 (id, producer_id, param_id, table_version, number, timerange_indicator, level_id, level_value, last_updater, last_updated) VALUES (448, 1, 654, 1, 76, 0, NULL, NULL, NULL, NULL);
INSERT INTO public.param_grib1 (id, producer_id, param_id, table_version, number, timerange_indicator, level_id, level_value, last_updater, last_updated) VALUES (453, 1, 60, 1, 143, 0, NULL, NULL, NULL, NULL);
INSERT INTO public.param_grib1 (id, producer_id, param_id, table_version, number, timerange_indicator, level_id, level_value, last_updater, last_updated) VALUES (458, 1, 222, 1, 78, 4, NULL, NULL, NULL, NULL);
INSERT INTO public.param_grib1 (id, producer_id, param_id, table_version, number, timerange_indicator, level_id, level_value, last_updater, last_updated) VALUES (423, 1, 972, 1, 73, 0, NULL, NULL, 'wetodb', '2017-12-04 19:05:49.119777+00');
INSERT INTO public.param_grib1 (id, producer_id, param_id, table_version, number, timerange_indicator, level_id, level_value, last_updater, last_updated) VALUES (433, 1, 973, 1, 74, 0, NULL, NULL, 'wetodb', '2017-12-04 19:08:31.588232+00');
INSERT INTO public.param_grib1 (id, producer_id, param_id, table_version, number, timerange_indicator, level_id, level_value, last_updater, last_updated) VALUES (438, 1, 974, 1, 75, 0, NULL, NULL, 'wetodb', '2017-12-04 19:08:31.588232+00');
INSERT INTO public.param_grib1 (id, producer_id, param_id, table_version, number, timerange_indicator, level_id, level_value, last_updater, last_updated) VALUES (318, 1, 769, 1, 52, 0, NULL, NULL, 'wetodb', '2018-04-25 05:35:24.044958+00');
INSERT INTO public.param_grib1 (id, producer_id, param_id, table_version, number, timerange_indicator, level_id, level_value, last_updater, last_updated) VALUES (183, 1, 88, 1, 121, 4, NULL, NULL, 'wetodb', '2017-05-15 11:09:33.074705+00');
INSERT INTO public.param_grib1 (id, producer_id, param_id, table_version, number, timerange_indicator, level_id, level_value, last_updater, last_updated) VALUES (3561, 1, 316, 1, 112, 4, NULL, NULL, NULL, NULL);
INSERT INTO public.param_grib1 (id, producer_id, param_id, table_version, number, timerange_indicator, level_id, level_value, last_updater, last_updated) VALUES (193, 1, 315, 1, 118, 0, NULL, NULL, 'wetodb', '2017-05-22 08:02:27.886467+00');
INSERT INTO public.param_grib1 (id, producer_id, param_id, table_version, number, timerange_indicator, level_id, level_value, last_updater, last_updated) VALUES (218, 1, 317, 1, 115, 4, NULL, NULL, 'wetodb', '2017-05-22 08:09:06.288386+00');
INSERT INTO public.param_grib1 (id, producer_id, param_id, table_version, number, timerange_indicator, level_id, level_value, last_updater, last_updated) VALUES (3398, 1, 411, 1, 228, 0, NULL, NULL, NULL, NULL);
INSERT INTO public.level_grib1 (producer_id, level_id, grib_level_id, last_updater, last_updated) VALUES (1, 2, 100, NULL, NULL);
INSERT INTO public.level_grib1 (producer_id, level_id, grib_level_id, last_updater, last_updated) VALUES (1, 6, 1, NULL, NULL);
INSERT INTO public.level_grib1 (producer_id, level_id, grib_level_id, last_updater, last_updated) VALUES (1, 3, 109, NULL, NULL);
INSERT INTO public.level_grib1 (producer_id, level_id, grib_level_id, last_updater, last_updated) VALUES (1, 5, 8, NULL, NULL);
INSERT INTO public.level_grib1 (producer_id, level_id, grib_level_id, last_updater, last_updated) VALUES (1, 4, 103, NULL, NULL);
INSERT INTO public.level_grib1 (producer_id, level_id, grib_level_id, last_updater, last_updated) VALUES (1, 6, 105, NULL, NULL);
INSERT INTO public.level_grib1 (producer_id, level_id, grib_level_id, last_updater, last_updated) VALUES (1, 7, 102, NULL, NULL);
INSERT INTO public.level_grib1 (producer_id, level_id, grib_level_id, last_updater, last_updated) VALUES (1, 8, 200, NULL, NULL);
INSERT INTO public.level_grib1 (producer_id, level_id, grib_level_id, last_updater, last_updated) VALUES (230, 3, 109, NULL, NULL);
INSERT INTO public.level_grib1 (producer_id, level_id, grib_level_id, last_updater, last_updated) VALUES (230, 1, 1, NULL, NULL);
INSERT INTO public.level_grib1 (producer_id, level_id, grib_level_id, last_updater, last_updated) VALUES (230, 6, 105, NULL, NULL);
INSERT INTO public.level_grib1 (producer_id, level_id, grib_level_id, last_updater, last_updated) VALUES (230, 7, 102, NULL, NULL);
INSERT INTO public.level_grib1 (producer_id, level_id, grib_level_id, last_updater, last_updated) VALUES (230, 2, 100, NULL, NULL);
INSERT INTO public.level_grib1 (producer_id, level_id, grib_level_id, last_updater, last_updated) VALUES (230, 5, 8, NULL, NULL);
INSERT INTO public.level_grib1 (producer_id, level_id, grib_level_id, last_updater, last_updated) VALUES (230, 4, 103, NULL, NULL);
INSERT INTO public.level_grib1 (producer_id, level_id, grib_level_id, last_updater, last_updated) VALUES (230, 6, 163, NULL, NULL);
INSERT INTO public.level_grib1 (producer_id, level_id, grib_level_id, last_updater, last_updated) VALUES (230, 13, 106, NULL, NULL);
INSERT INTO public.level_grib1 (producer_id, level_id, grib_level_id, last_updater, last_updated) VALUES (230, 12, 246, NULL, NULL);
INSERT INTO public.producer_meta (producer_id, attribute, value, last_updater, last_updated) VALUES (1, 'last hybrid level number', '65', NULL, NULL);
INSERT INTO public.producer_meta (producer_id, attribute, value, last_updater, last_updated) VALUES (1, 'first hybrid level number', '1', NULL, NULL);
INSERT INTO public.producer_meta (producer_id, attribute, value, last_updater, last_updated) VALUES (230, 'last hybrid level number', '65', NULL, NULL);
INSERT INTO public.producer_meta (producer_id, attribute, value, last_updater, last_updated) VALUES (230, 'first hybrid level number', '1', NULL, NULL);
INSERT INTO public.hybrid_level_height (producer_id, geometry_id, level_value, analysis_time, minimum_height, minimum_height_stddev, minimum_pressure, minimum_pressure_stddev, maximum_height, maximum_pressure, maximum_height_stddev, maximum_pressure_stddev, average_height, average_pressure, count, last_updater, last_updated) VALUES (230, 173, 1, '2021-05-20 00:00:00+00', 27522.8, 29.7, 10.0, 0.0, 31626.4, 10.0, 10.2, 0.0, 31117.6, 10.0, 25, 'wetodb', '2021-05-20 08:16:45.27766+00');
INSERT INTO public.hybrid_level_height (producer_id, geometry_id, level_value, analysis_time, minimum_height, minimum_height_stddev, minimum_pressure, minimum_pressure_stddev, maximum_height, maximum_pressure, maximum_height_stddev, maximum_pressure_stddev, average_height, average_pressure, count, last_updater, last_updated) VALUES (230, 173, 26, '2021-05-20 00:00:00+00', 3632.2, 4.0, 398.9, 0.6, 5145.6, 576.8, 21.6, 1.2, 4682.2, 547.5, 25, 'wetodb', '2021-05-20 08:16:45.27766+00');
INSERT INTO public.hybrid_level_height (producer_id, geometry_id, level_value, analysis_time, minimum_height, minimum_height_stddev, minimum_pressure, minimum_pressure_stddev, maximum_height, maximum_pressure, maximum_height_stddev, maximum_pressure_stddev, average_height, average_pressure, count, last_updater, last_updated) VALUES (230, 173, 30, '2021-05-20 00:00:00+00', 2866.1, 3.2, 444.9, 0.7, 3923.6, 670.9, 22.1, 1.5, 3574.7, 633.6, 25, 'wetodb', '2021-05-20 08:16:45.27766+00');
INSERT INTO public.hybrid_level_height (producer_id, geometry_id, level_value, analysis_time, minimum_height, minimum_height_stddev, minimum_pressure, minimum_pressure_stddev, maximum_height, maximum_pressure, maximum_height_stddev, maximum_pressure_stddev, average_height, average_pressure, count, last_updater, last_updated) VALUES (230, 173, 6, '2021-05-20 00:00:00+00', 12335.6, 6.8, 108.1, 0.0, 16330.0, 110.6, 8.4, 0.0, 15417.8, 110.2, 25, 'wetodb', '2021-05-20 08:16:45.27766+00');
INSERT INTO public.hybrid_level_height (producer_id, geometry_id, level_value, analysis_time, minimum_height, minimum_height_stddev, minimum_pressure, minimum_pressure_stddev, maximum_height, maximum_pressure, maximum_height_stddev, maximum_pressure_stddev, average_height, average_pressure, count, last_updater, last_updated) VALUES (230, 173, 3, '2021-05-20 00:00:00+00', 17154.7, 10.3, 50.0, 0.0, 21113.9, 50.0, 10.4, 0.0, 20493.5, 50.0, 25, 'wetodb', '2021-05-20 08:16:45.27766+00');
INSERT INTO public.hybrid_level_height (producer_id, geometry_id, level_value, analysis_time, minimum_height, minimum_height_stddev, minimum_pressure, minimum_pressure_stddev, maximum_height, maximum_pressure, maximum_height_stddev, maximum_pressure_stddev, average_height, average_pressure, count, last_updater, last_updated) VALUES (230, 173, 4, '2021-05-20 00:00:00+00', 15082.8, 10.5, 69.9, 0.0, 19075.4, 70.1, 8.0, 0.0, 18329.8, 70.0, 25, 'wetodb', '2021-05-20 08:16:45.27766+00');
INSERT INTO public.hybrid_level_height (producer_id, geometry_id, level_value, analysis_time, minimum_height, minimum_height_stddev, minimum_pressure, minimum_pressure_stddev, maximum_height, maximum_pressure, maximum_height_stddev, maximum_pressure_stddev, average_height, average_pressure, count, last_updater, last_updated) VALUES (230, 173, 5, '2021-05-20 00:00:00+00', 13565.2, 11.1, 89.3, 0.0, 17562.0, 90.3, 7.3, 0.0, 16713.5, 90.1, 25, 'wetodb', '2021-05-20 08:16:45.27766+00');
INSERT INTO public.hybrid_level_height (producer_id, geometry_id, level_value, analysis_time, minimum_height, minimum_height_stddev, minimum_pressure, minimum_pressure_stddev, maximum_height, maximum_pressure, maximum_height_stddev, maximum_pressure_stddev, average_height, average_pressure, count, last_updater, last_updated) VALUES (230, 173, 7, '2021-05-20 00:00:00+00', 11304.9, 6.4, 126.4, 0.0, 15278.2, 131.2, 11.6, 0.0, 14332.3, 130.4, 25, 'wetodb', '2021-05-20 08:16:45.27766+00');
INSERT INTO public.hybrid_level_height (producer_id, geometry_id, level_value, analysis_time, minimum_height, minimum_height_stddev, minimum_pressure, minimum_pressure_stddev, maximum_height, maximum_pressure, maximum_height_stddev, maximum_pressure_stddev, average_height, average_pressure, count, last_updater, last_updated) VALUES (230, 173, 8, '2021-05-20 00:00:00+00', 10439.2, 5.3, 144.1, 0.0, 14355.4, 151.9, 15.7, 0.1, 13396.0, 150.6, 25, 'wetodb', '2021-05-20 08:16:45.27766+00');
INSERT INTO public.hybrid_level_height (producer_id, geometry_id, level_value, analysis_time, minimum_height, minimum_height_stddev, minimum_pressure, minimum_pressure_stddev, maximum_height, maximum_pressure, maximum_height_stddev, maximum_pressure_stddev, average_height, average_pressure, count, last_updater, last_updated) VALUES (230, 173, 9, '2021-05-20 00:00:00+00', 9693.4, 4.4, 161.3, 0.0, 13534.3, 173.0, 17.4, 0.1, 12572.0, 171.1, 25, 'wetodb', '2021-05-20 08:16:45.27766+00');
INSERT INTO public.hybrid_level_height (producer_id, geometry_id, level_value, analysis_time, minimum_height, minimum_height_stddev, minimum_pressure, minimum_pressure_stddev, maximum_height, maximum_pressure, maximum_height_stddev, maximum_pressure_stddev, average_height, average_pressure, count, last_updater, last_updated) VALUES (230, 173, 21, '2021-05-20 00:00:00+00', 4768.8, 4.4, 338.0, 0.4, 6995.1, 454.0, 16.9, 0.8, 6365.4, 434.9, 25, 'wetodb', '2021-05-20 08:16:45.27766+00');
INSERT INTO public.hybrid_level_height (producer_id, geometry_id, level_value, analysis_time, minimum_height, minimum_height_stddev, minimum_pressure, minimum_pressure_stddev, maximum_height, maximum_pressure, maximum_height_stddev, maximum_pressure_stddev, average_height, average_pressure, count, last_updater, last_updated) VALUES (230, 173, 27, '2021-05-20 00:00:00+00', 3430.5, 3.8, 410.6, 0.6, 4820.2, 600.9, 21.9, 1.3, 4386.7, 569.4, 25, 'wetodb', '2021-05-20 08:16:45.27766+00');
INSERT INTO public.hybrid_level_height (producer_id, geometry_id, level_value, analysis_time, minimum_height, minimum_height_stddev, minimum_pressure, minimum_pressure_stddev, maximum_height, maximum_pressure, maximum_height_stddev, maximum_pressure_stddev, average_height, average_pressure, count, last_updater, last_updated) VALUES (230, 173, 33, '2021-05-20 00:00:00+00', 2356.3, 2.7, 477.9, 0.8, 3139.7, 736.9, 21.9, 1.7, 2868.3, 694.1, 25, 'wetodb', '2021-05-20 08:16:45.27766+00');
INSERT INTO public.hybrid_level_height (producer_id, geometry_id, level_value, analysis_time, minimum_height, minimum_height_stddev, minimum_pressure, minimum_pressure_stddev, maximum_height, maximum_pressure, maximum_height_stddev, maximum_pressure_stddev, average_height, average_pressure, count, last_updater, last_updated) VALUES (230, 173, 34, '2021-05-20 00:00:00+00', 2198.6, 2.5, 488.5, 0.9, 2906.0, 757.8, 21.0, 1.8, 2655.2, 713.3, 25, 'wetodb', '2021-05-20 08:16:45.27766+00');
INSERT INTO public.hybrid_level_height (producer_id, geometry_id, level_value, analysis_time, minimum_height, minimum_height_stddev, minimum_pressure, minimum_pressure_stddev, maximum_height, maximum_pressure, maximum_height_stddev, maximum_pressure_stddev, average_height, average_pressure, count, last_updater, last_updated) VALUES (230, 173, 36, '2021-05-20 00:00:00+00', 1900.2, 2.1, 509.2, 0.9, 2475.5, 797.6, 17.2, 1.9, 2261.6, 749.9, 25, 'wetodb', '2021-05-20 08:16:45.27766+00');
INSERT INTO public.hybrid_level_height (producer_id, geometry_id, level_value, analysis_time, minimum_height, minimum_height_stddev, minimum_pressure, minimum_pressure_stddev, maximum_height, maximum_pressure, maximum_height_stddev, maximum_pressure_stddev, average_height, average_pressure, count, last_updater, last_updated) VALUES (230, 173, 38, '2021-05-20 00:00:00+00', 1626.3, 1.9, 528.7, 1.0, 2094.9, 834.4, 13.1, 2.0, 1910.6, 783.9, 25, 'wetodb', '2021-05-20 08:16:45.27766+00');
INSERT INTO public.hybrid_level_height (producer_id, geometry_id, level_value, analysis_time, minimum_height, minimum_height_stddev, minimum_pressure, minimum_pressure_stddev, maximum_height, maximum_pressure, maximum_height_stddev, maximum_pressure_stddev, average_height, average_pressure, count, last_updater, last_updated) VALUES (230, 173, 43, '2021-05-20 00:00:00+00', 1061.5, 1.5, 571.3, 1.1, 1333.4, 911.3, 7.2, 2.3, 1215.1, 855.1, 25, 'wetodb', '2021-05-20 08:16:45.27766+00');
INSERT INTO public.hybrid_level_height (producer_id, geometry_id, level_value, analysis_time, minimum_height, minimum_height_stddev, minimum_pressure, minimum_pressure_stddev, maximum_height, maximum_pressure, maximum_height_stddev, maximum_pressure_stddev, average_height, average_pressure, count, last_updater, last_updated) VALUES (230, 173, 12, '2021-05-20 00:00:00+00', 7917.8, 4.5, 210.3, 0.1, 11491.9, 238.4, 12.1, 0.2, 10549.2, 233.7, 25, 'wetodb', '2021-05-20 08:16:45.27766+00');
INSERT INTO public.hybrid_level_height (producer_id, geometry_id, level_value, analysis_time, minimum_height, minimum_height_stddev, minimum_pressure, minimum_pressure_stddev, maximum_height, maximum_pressure, maximum_height_stddev, maximum_pressure_stddev, average_height, average_pressure, count, last_updater, last_updated) VALUES (230, 173, 15, '2021-05-20 00:00:00+00', 6604.9, 4.6, 256.1, 0.2, 9787.9, 307.7, 13.5, 0.3, 8934.3, 299.2, 25, 'wetodb', '2021-05-20 08:16:45.27766+00');
INSERT INTO public.hybrid_level_height (producer_id, geometry_id, level_value, analysis_time, minimum_height, minimum_height_stddev, minimum_pressure, minimum_pressure_stddev, maximum_height, maximum_pressure, maximum_height_stddev, maximum_pressure_stddev, average_height, average_pressure, count, last_updater, last_updated) VALUES (230, 173, 17, '2021-05-20 00:00:00+00', 5907.4, 3.7, 284.7, 0.2, 8776.3, 355.7, 13.9, 0.5, 7998.3, 344.0, 25, 'wetodb', '2021-05-20 08:16:45.27766+00');
INSERT INTO public.hybrid_level_height (producer_id, geometry_id, level_value, analysis_time, minimum_height, minimum_height_stddev, minimum_pressure, minimum_pressure_stddev, maximum_height, maximum_pressure, maximum_height_stddev, maximum_pressure_stddev, average_height, average_pressure, count, last_updater, last_updated) VALUES (230, 173, 41, '2021-05-20 00:00:00+00', 1266.7, 1.5, 555.5, 1.0, 1605.9, 883.2, 8.9, 2.2, 1463.0, 829.1, 25, 'wetodb', '2021-05-20 08:16:45.27766+00');
INSERT INTO public.hybrid_level_height (producer_id, geometry_id, level_value, analysis_time, minimum_height, minimum_height_stddev, minimum_pressure, minimum_pressure_stddev, maximum_height, maximum_pressure, maximum_height_stddev, maximum_pressure_stddev, average_height, average_pressure, count, last_updater, last_updated) VALUES (230, 173, 45, '2021-05-20 00:00:00+00', 879.0, 2.6, 585.4, 1.1, 1099.6, 935.9, 6.0, 2.3, 1002.1, 878.0, 25, 'wetodb', '2021-05-20 08:16:45.27766+00');
INSERT INTO public.hybrid_level_height (producer_id, geometry_id, level_value, analysis_time, minimum_height, minimum_height_stddev, minimum_pressure, minimum_pressure_stddev, maximum_height, maximum_pressure, maximum_height_stddev, maximum_pressure_stddev, average_height, average_pressure, count, last_updater, last_updated) VALUES (230, 173, 52, '2021-05-20 00:00:00+00', 416.4, 3.2, 622.8, 1.2, 516.6, 999.3, 3.2, 2.5, 472.0, 937.1, 25, 'wetodb', '2021-05-20 08:16:45.27766+00');
INSERT INTO public.hybrid_level_height (producer_id, geometry_id, level_value, analysis_time, minimum_height, minimum_height_stddev, minimum_pressure, minimum_pressure_stddev, maximum_height, maximum_pressure, maximum_height_stddev, maximum_pressure_stddev, average_height, average_pressure, count, last_updater, last_updated) VALUES (230, 173, 58, '2021-05-20 00:00:00+00', 183.2, 1.3, 642.9, 1.2, 226.0, 1032.2, 1.8, 2.6, 206.9, 967.9, 25, 'wetodb', '2021-05-20 08:16:45.27766+00');
INSERT INTO public.hybrid_level_height (producer_id, geometry_id, level_value, analysis_time, minimum_height, minimum_height_stddev, minimum_pressure, minimum_pressure_stddev, maximum_height, maximum_pressure, maximum_height_stddev, maximum_pressure_stddev, average_height, average_pressure, count, last_updater, last_updated) VALUES (230, 173, 60, '2021-05-20 00:00:00+00', 127.0, 0.9, 647.9, 1.2, 156.2, 1040.2, 1.3, 2.6, 143.3, 975.4, 25, 'wetodb', '2021-05-20 08:16:45.27766+00');
INSERT INTO public.hybrid_level_height (producer_id, geometry_id, level_value, analysis_time, minimum_height, minimum_height_stddev, minimum_pressure, minimum_pressure_stddev, maximum_height, maximum_pressure, maximum_height_stddev, maximum_pressure_stddev, average_height, average_pressure, count, last_updater, last_updated) VALUES (230, 173, 10, '2021-05-20 00:00:00+00', 9034.5, 4.1, 178.0, 0.1, 12796.1, 194.4, 16.2, 0.1, 11835.1, 191.7, 25, 'wetodb', '2021-05-20 08:16:45.27766+00');
INSERT INTO public.hybrid_level_height (producer_id, geometry_id, level_value, analysis_time, minimum_height, minimum_height_stddev, minimum_pressure, minimum_pressure_stddev, maximum_height, maximum_pressure, maximum_height_stddev, maximum_pressure_stddev, average_height, average_pressure, count, last_updater, last_updated) VALUES (230, 173, 11, '2021-05-20 00:00:00+00', 8447.1, 4.2, 194.3, 0.1, 12121.8, 216.1, 13.5, 0.1, 11165.7, 212.5, 25, 'wetodb', '2021-05-20 08:16:45.27766+00');
INSERT INTO public.hybrid_level_height (producer_id, geometry_id, level_value, analysis_time, minimum_height, minimum_height_stddev, minimum_pressure, minimum_pressure_stddev, maximum_height, maximum_pressure, maximum_height_stddev, maximum_pressure_stddev, average_height, average_pressure, count, last_updater, last_updated) VALUES (230, 173, 13, '2021-05-20 00:00:00+00', 7438.3, 4.9, 225.9, 0.1, 10895.9, 261.1, 12.3, 0.2, 9976.2, 255.3, 25, 'wetodb', '2021-05-20 08:16:45.27766+00');
INSERT INTO public.hybrid_level_height (producer_id, geometry_id, level_value, analysis_time, minimum_height, minimum_height_stddev, minimum_pressure, minimum_pressure_stddev, maximum_height, maximum_pressure, maximum_height_stddev, maximum_pressure_stddev, average_height, average_pressure, count, last_updater, last_updated) VALUES (230, 173, 14, '2021-05-20 00:00:00+00', 7002.1, 4.9, 241.2, 0.1, 10328.9, 284.2, 13.0, 0.3, 9439.9, 277.1, 25, 'wetodb', '2021-05-20 08:16:45.27766+00');
INSERT INTO public.hybrid_level_height (producer_id, geometry_id, level_value, analysis_time, minimum_height, minimum_height_stddev, minimum_pressure, minimum_pressure_stddev, maximum_height, maximum_pressure, maximum_height_stddev, maximum_pressure_stddev, average_height, average_pressure, count, last_updater, last_updated) VALUES (230, 173, 16, '2021-05-20 00:00:00+00', 6241.7, 4.1, 270.6, 0.2, 9271.3, 331.6, 13.7, 0.4, 8454.8, 321.5, 25, 'wetodb', '2021-05-20 08:16:45.27766+00');
INSERT INTO public.hybrid_level_height (producer_id, geometry_id, level_value, analysis_time, minimum_height, minimum_height_stddev, minimum_pressure, minimum_pressure_stddev, maximum_height, maximum_pressure, maximum_height_stddev, maximum_pressure_stddev, average_height, average_pressure, count, last_updater, last_updated) VALUES (230, 173, 2, '2021-05-20 00:00:00+00', 20350.4, 14.9, 30.0, 0.0, 24305.1, 30.0, 16.0, 0.0, 23801.3, 30.0, 25, 'wetodb', '2021-05-20 08:16:45.27766+00');
INSERT INTO public.hybrid_level_height (producer_id, geometry_id, level_value, analysis_time, minimum_height, minimum_height_stddev, minimum_pressure, minimum_pressure_stddev, maximum_height, maximum_pressure, maximum_height_stddev, maximum_pressure_stddev, average_height, average_pressure, count, last_updater, last_updated) VALUES (230, 173, 18, '2021-05-20 00:00:00+00', 5596.3, 3.8, 298.5, 0.3, 8302.6, 380.1, 14.4, 0.5, 7562.5, 366.6, 25, 'wetodb', '2021-05-20 08:16:45.27766+00');
INSERT INTO public.hybrid_level_height (producer_id, geometry_id, level_value, analysis_time, minimum_height, minimum_height_stddev, minimum_pressure, minimum_pressure_stddev, maximum_height, maximum_pressure, maximum_height_stddev, maximum_pressure_stddev, average_height, average_pressure, count, last_updater, last_updated) VALUES (230, 173, 19, '2021-05-20 00:00:00+00', 5304.5, 4.0, 311.9, 0.3, 7848.7, 404.6, 15.1, 0.6, 7145.9, 389.3, 25, 'wetodb', '2021-05-20 08:16:45.27766+00');
INSERT INTO public.hybrid_level_height (producer_id, geometry_id, level_value, analysis_time, minimum_height, minimum_height_stddev, minimum_pressure, minimum_pressure_stddev, maximum_height, maximum_pressure, maximum_height_stddev, maximum_pressure_stddev, average_height, average_pressure, count, last_updater, last_updated) VALUES (230, 173, 20, '2021-05-20 00:00:00+00', 5029.3, 4.2, 325.1, 0.3, 7413.1, 429.3, 16.0, 0.7, 6747.2, 412.1, 25, 'wetodb', '2021-05-20 08:16:45.27766+00');
INSERT INTO public.hybrid_level_height (producer_id, geometry_id, level_value, analysis_time, minimum_height, minimum_height_stddev, minimum_pressure, minimum_pressure_stddev, maximum_height, maximum_pressure, maximum_height_stddev, maximum_pressure_stddev, average_height, average_pressure, count, last_updater, last_updated) VALUES (230, 173, 22, '2021-05-20 00:00:00+00', 4521.1, 4.4, 350.6, 0.4, 6594.0, 478.8, 18.0, 0.8, 5999.5, 457.6, 25, 'wetodb', '2021-05-20 08:16:45.27766+00');
INSERT INTO public.hybrid_level_height (producer_id, geometry_id, level_value, analysis_time, minimum_height, minimum_height_stddev, minimum_pressure, minimum_pressure_stddev, maximum_height, maximum_pressure, maximum_height_stddev, maximum_pressure_stddev, average_height, average_pressure, count, last_updater, last_updated) VALUES (230, 173, 23, '2021-05-20 00:00:00+00', 4284.7, 4.4, 362.9, 0.4, 6209.1, 503.5, 19.2, 0.9, 5648.9, 480.3, 25, 'wetodb', '2021-05-20 08:16:45.27766+00');
INSERT INTO public.hybrid_level_height (producer_id, geometry_id, level_value, analysis_time, minimum_height, minimum_height_stddev, minimum_pressure, minimum_pressure_stddev, maximum_height, maximum_pressure, maximum_height_stddev, maximum_pressure_stddev, average_height, average_pressure, count, last_updater, last_updated) VALUES (230, 173, 24, '2021-05-20 00:00:00+00', 4058.4, 4.3, 375.1, 0.5, 5839.6, 528.1, 20.2, 1.0, 5312.8, 502.8, 25, 'wetodb', '2021-05-20 08:16:45.27766+00');
INSERT INTO public.hybrid_level_height (producer_id, geometry_id, level_value, analysis_time, minimum_height, minimum_height_stddev, minimum_pressure, minimum_pressure_stddev, maximum_height, maximum_pressure, maximum_height_stddev, maximum_pressure_stddev, average_height, average_pressure, count, last_updater, last_updated) VALUES (230, 173, 25, '2021-05-20 00:00:00+00', 3841.2, 4.2, 387.1, 0.5, 5485.1, 552.6, 21.1, 1.1, 4990.7, 525.2, 25, 'wetodb', '2021-05-20 08:16:45.27766+00');
INSERT INTO public.hybrid_level_height (producer_id, geometry_id, level_value, analysis_time, minimum_height, minimum_height_stddev, minimum_pressure, minimum_pressure_stddev, maximum_height, maximum_pressure, maximum_height_stddev, maximum_pressure_stddev, average_height, average_pressure, count, last_updater, last_updated) VALUES (230, 173, 28, '2021-05-20 00:00:00+00', 3235.8, 3.6, 422.2, 0.6, 4508.2, 624.6, 22.1, 1.3, 4103.8, 591.2, 25, 'wetodb', '2021-05-20 08:16:45.27766+00');
INSERT INTO public.hybrid_level_height (producer_id, geometry_id, level_value, analysis_time, minimum_height, minimum_height_stddev, minimum_pressure, minimum_pressure_stddev, maximum_height, maximum_pressure, maximum_height_stddev, maximum_pressure_stddev, average_height, average_pressure, count, last_updater, last_updated) VALUES (230, 173, 29, '2021-05-20 00:00:00+00', 3047.9, 3.5, 433.6, 0.7, 4209.5, 648.0, 22.1, 1.4, 3833.3, 612.6, 25, 'wetodb', '2021-05-20 08:16:45.27766+00');
INSERT INTO public.hybrid_level_height (producer_id, geometry_id, level_value, analysis_time, minimum_height, minimum_height_stddev, minimum_pressure, minimum_pressure_stddev, maximum_height, maximum_pressure, maximum_height_stddev, maximum_pressure_stddev, average_height, average_pressure, count, last_updater, last_updated) VALUES (230, 173, 31, '2021-05-20 00:00:00+00', 2690.6, 3.1, 456.0, 0.8, 3650.2, 693.4, 22.0, 1.6, 3327.9, 654.2, 25, 'wetodb', '2021-05-20 08:16:45.27766+00');
INSERT INTO public.hybrid_level_height (producer_id, geometry_id, level_value, analysis_time, minimum_height, minimum_height_stddev, minimum_pressure, minimum_pressure_stddev, maximum_height, maximum_pressure, maximum_height_stddev, maximum_pressure_stddev, average_height, average_pressure, count, last_updater, last_updated) VALUES (230, 173, 32, '2021-05-20 00:00:00+00', 2520.7, 2.9, 467.0, 0.8, 3388.4, 715.5, 22.0, 1.6, 3092.5, 674.4, 25, 'wetodb', '2021-05-20 08:16:45.27766+00');
INSERT INTO public.hybrid_level_height (producer_id, geometry_id, level_value, analysis_time, minimum_height, minimum_height_stddev, minimum_pressure, minimum_pressure_stddev, maximum_height, maximum_pressure, maximum_height_stddev, maximum_pressure_stddev, average_height, average_pressure, count, last_updater, last_updated) VALUES (230, 173, 35, '2021-05-20 00:00:00+00', 2046.0, 2.4, 499.0, 0.9, 2682.7, 778.0, 19.2, 1.8, 2453.0, 731.9, 25, 'wetodb', '2021-05-20 08:16:45.27766+00');
INSERT INTO public.hybrid_level_height (producer_id, geometry_id, level_value, analysis_time, minimum_height, minimum_height_stddev, minimum_pressure, minimum_pressure_stddev, maximum_height, maximum_pressure, maximum_height_stddev, maximum_pressure_stddev, average_height, average_pressure, count, last_updater, last_updated) VALUES (230, 173, 37, '2021-05-20 00:00:00+00', 1760.3, 1.9, 519.1, 0.9, 2279.5, 816.3, 15.0, 2.0, 2080.8, 767.3, 25, 'wetodb', '2021-05-20 08:16:45.27766+00');
INSERT INTO public.hybrid_level_height (producer_id, geometry_id, level_value, analysis_time, minimum_height, minimum_height_stddev, minimum_pressure, minimum_pressure_stddev, maximum_height, maximum_pressure, maximum_height_stddev, maximum_pressure_stddev, average_height, average_pressure, count, last_updater, last_updated) VALUES (230, 173, 39, '2021-05-20 00:00:00+00', 1499.3, 1.8, 538.1, 1.0, 1920.5, 851.5, 11.5, 2.1, 1751.0, 799.8, 25, 'wetodb', '2021-05-20 08:16:45.27766+00');
INSERT INTO public.hybrid_level_height (producer_id, geometry_id, level_value, analysis_time, minimum_height, minimum_height_stddev, minimum_pressure, minimum_pressure_stddev, maximum_height, maximum_pressure, maximum_height_stddev, maximum_pressure_stddev, average_height, average_pressure, count, last_updater, last_updated) VALUES (230, 173, 40, '2021-05-20 00:00:00+00', 1379.5, 1.6, 547.0, 1.0, 1758.1, 867.9, 10.1, 2.1, 1601.8, 814.9, 25, 'wetodb', '2021-05-20 08:16:45.27766+00');
INSERT INTO public.hybrid_level_height (producer_id, geometry_id, level_value, analysis_time, minimum_height, minimum_height_stddev, minimum_pressure, minimum_pressure_stddev, maximum_height, maximum_pressure, maximum_height_stddev, maximum_pressure_stddev, average_height, average_pressure, count, last_updater, last_updated) VALUES (230, 173, 42, '2021-05-20 00:00:00+00', 1160.4, 1.5, 563.6, 1.1, 1464.6, 897.7, 7.9, 2.2, 1334.4, 842.5, 25, 'wetodb', '2021-05-20 08:16:45.27766+00');
INSERT INTO public.hybrid_level_height (producer_id, geometry_id, level_value, analysis_time, minimum_height, minimum_height_stddev, minimum_pressure, minimum_pressure_stddev, maximum_height, maximum_pressure, maximum_height_stddev, maximum_pressure_stddev, average_height, average_pressure, count, last_updater, last_updated) VALUES (230, 173, 44, '2021-05-20 00:00:00+00', 968.3, 1.9, 578.5, 1.1, 1212.4, 924.0, 6.5, 2.3, 1104.6, 866.9, 25, 'wetodb', '2021-05-20 08:16:45.27766+00');
INSERT INTO public.hybrid_level_height (producer_id, geometry_id, level_value, analysis_time, minimum_height, minimum_height_stddev, minimum_pressure, minimum_pressure_stddev, maximum_height, maximum_pressure, maximum_height_stddev, maximum_pressure_stddev, average_height, average_pressure, count, last_updater, last_updated) VALUES (230, 173, 46, '2021-05-20 00:00:00+00', 796.9, 3.2, 591.8, 1.1, 994.8, 947.0, 5.5, 2.4, 907.2, 888.3, 25, 'wetodb', '2021-05-20 08:16:45.27766+00');
INSERT INTO public.hybrid_level_height (producer_id, geometry_id, level_value, analysis_time, minimum_height, minimum_height_stddev, minimum_pressure, minimum_pressure_stddev, maximum_height, maximum_pressure, maximum_height_stddev, maximum_pressure_stddev, average_height, average_pressure, count, last_updater, last_updated) VALUES (230, 173, 47, '2021-05-20 00:00:00+00', 720.4, 3.7, 597.9, 1.1, 898.4, 957.4, 5.1, 2.4, 819.4, 898.0, 25, 'wetodb', '2021-05-20 08:16:45.27766+00');
INSERT INTO public.hybrid_level_height (producer_id, geometry_id, level_value, analysis_time, minimum_height, minimum_height_stddev, minimum_pressure, minimum_pressure_stddev, maximum_height, maximum_pressure, maximum_height_stddev, maximum_pressure_stddev, average_height, average_pressure, count, last_updater, last_updated) VALUES (230, 173, 48, '2021-05-20 00:00:00+00', 649.5, 4.0, 603.6, 1.2, 809.2, 967.1, 4.5, 2.4, 738.3, 907.0, 25, 'wetodb', '2021-05-20 08:16:45.27766+00');
INSERT INTO public.hybrid_level_height (producer_id, geometry_id, level_value, analysis_time, minimum_height, minimum_height_stddev, minimum_pressure, minimum_pressure_stddev, maximum_height, maximum_pressure, maximum_height_stddev, maximum_pressure_stddev, average_height, average_pressure, count, last_updater, last_updated) VALUES (230, 173, 49, '2021-05-20 00:00:00+00', 584.0, 4.1, 608.9, 1.2, 727.1, 976.1, 4.3, 2.4, 663.4, 915.4, 25, 'wetodb', '2021-05-20 08:16:45.27766+00');
INSERT INTO public.hybrid_level_height (producer_id, geometry_id, level_value, analysis_time, minimum_height, minimum_height_stddev, minimum_pressure, minimum_pressure_stddev, maximum_height, maximum_pressure, maximum_height_stddev, maximum_pressure_stddev, average_height, average_pressure, count, last_updater, last_updated) VALUES (230, 173, 50, '2021-05-20 00:00:00+00', 523.4, 4.0, 613.9, 1.2, 650.9, 984.4, 3.9, 2.5, 594.3, 923.2, 25, 'wetodb', '2021-05-20 08:16:45.27766+00');
INSERT INTO public.hybrid_level_height (producer_id, geometry_id, level_value, analysis_time, minimum_height, minimum_height_stddev, minimum_pressure, minimum_pressure_stddev, maximum_height, maximum_pressure, maximum_height_stddev, maximum_pressure_stddev, average_height, average_pressure, count, last_updater, last_updated) VALUES (230, 173, 51, '2021-05-20 00:00:00+00', 467.8, 3.6, 618.5, 1.2, 581.3, 992.1, 3.6, 2.5, 530.6, 930.4, 25, 'wetodb', '2021-05-20 08:16:45.27766+00');
INSERT INTO public.hybrid_level_height (producer_id, geometry_id, level_value, analysis_time, minimum_height, minimum_height_stddev, minimum_pressure, minimum_pressure_stddev, maximum_height, maximum_pressure, maximum_height_stddev, maximum_pressure_stddev, average_height, average_pressure, count, last_updater, last_updated) VALUES (230, 173, 53, '2021-05-20 00:00:00+00', 369.0, 2.8, 626.8, 1.2, 457.5, 1005.9, 2.9, 2.5, 418.1, 943.3, 25, 'wetodb', '2021-05-20 08:16:45.27766+00');
INSERT INTO public.hybrid_level_height (producer_id, geometry_id, level_value, analysis_time, minimum_height, minimum_height_stddev, minimum_pressure, minimum_pressure_stddev, maximum_height, maximum_pressure, maximum_height_stddev, maximum_pressure_stddev, average_height, average_pressure, count, last_updater, last_updated) VALUES (230, 173, 54, '2021-05-20 00:00:00+00', 325.2, 2.5, 630.6, 1.2, 403.0, 1012.1, 2.6, 2.5, 368.5, 949.0, 25, 'wetodb', '2021-05-20 08:16:45.27766+00');
INSERT INTO public.hybrid_level_height (producer_id, geometry_id, level_value, analysis_time, minimum_height, minimum_height_stddev, minimum_pressure, minimum_pressure_stddev, maximum_height, maximum_pressure, maximum_height_stddev, maximum_pressure_stddev, average_height, average_pressure, count, last_updater, last_updated) VALUES (230, 173, 55, '2021-05-20 00:00:00+00', 285.5, 2.0, 634.0, 1.2, 353.6, 1017.7, 2.4, 2.5, 323.0, 954.3, 25, 'wetodb', '2021-05-20 08:16:45.27766+00');
INSERT INTO public.hybrid_level_height (producer_id, geometry_id, level_value, analysis_time, minimum_height, minimum_height_stddev, minimum_pressure, minimum_pressure_stddev, maximum_height, maximum_pressure, maximum_height_stddev, maximum_pressure_stddev, average_height, average_pressure, count, last_updater, last_updated) VALUES (230, 173, 56, '2021-05-20 00:00:00+00', 248.7, 1.8, 637.2, 1.2, 307.2, 1022.9, 2.1, 2.6, 281.1, 959.2, 25, 'wetodb', '2021-05-20 08:16:45.27766+00');
INSERT INTO public.hybrid_level_height (producer_id, geometry_id, level_value, analysis_time, minimum_height, minimum_height_stddev, minimum_pressure, minimum_pressure_stddev, maximum_height, maximum_pressure, maximum_height_stddev, maximum_pressure_stddev, average_height, average_pressure, count, last_updater, last_updated) VALUES (230, 173, 57, '2021-05-20 00:00:00+00', 214.7, 1.5, 640.2, 1.2, 264.9, 1027.7, 2.0, 2.6, 242.5, 963.7, 25, 'wetodb', '2021-05-20 08:16:45.27766+00');
INSERT INTO public.hybrid_level_height (producer_id, geometry_id, level_value, analysis_time, minimum_height, minimum_height_stddev, minimum_pressure, minimum_pressure_stddev, maximum_height, maximum_pressure, maximum_height_stddev, maximum_pressure_stddev, average_height, average_pressure, count, last_updater, last_updated) VALUES (230, 173, 59, '2021-05-20 00:00:00+00', 154.1, 1.0, 645.5, 1.2, 190.0, 1036.3, 1.4, 2.6, 174.0, 971.8, 25, 'wetodb', '2021-05-20 08:16:45.27766+00');
INSERT INTO public.hybrid_level_height (producer_id, geometry_id, level_value, analysis_time, minimum_height, minimum_height_stddev, minimum_pressure, minimum_pressure_stddev, maximum_height, maximum_pressure, maximum_height_stddev, maximum_pressure_stddev, average_height, average_pressure, count, last_updater, last_updated) VALUES (230, 173, 61, '2021-05-20 00:00:00+00', 101.6, 0.7, 650.1, 1.2, 124.9, 1043.8, 1.1, 2.6, 114.7, 978.8, 25, 'wetodb', '2021-05-20 08:16:45.27766+00');
INSERT INTO public.hybrid_level_height (producer_id, geometry_id, level_value, analysis_time, minimum_height, minimum_height_stddev, minimum_pressure, minimum_pressure_stddev, maximum_height, maximum_pressure, maximum_height_stddev, maximum_pressure_stddev, average_height, average_pressure, count, last_updater, last_updated) VALUES (230, 173, 62, '2021-05-20 00:00:00+00', 77.5, 0.5, 652.2, 1.3, 95.2, 1047.2, 0.9, 2.6, 87.6, 982.0, 25, 'wetodb', '2021-05-20 08:16:45.27766+00');
INSERT INTO public.hybrid_level_height (producer_id, geometry_id, level_value, analysis_time, minimum_height, minimum_height_stddev, minimum_pressure, minimum_pressure_stddev, maximum_height, maximum_pressure, maximum_height_stddev, maximum_pressure_stddev, average_height, average_pressure, count, last_updater, last_updated) VALUES (230, 173, 63, '2021-05-20 00:00:00+00', 54.5, 0.4, 654.3, 1.3, 66.9, 1050.5, 0.7, 2.6, 61.8, 985.1, 25, 'wetodb', '2021-05-20 08:16:45.27766+00');
INSERT INTO public.hybrid_level_height (producer_id, geometry_id, level_value, analysis_time, minimum_height, minimum_height_stddev, minimum_pressure, minimum_pressure_stddev, maximum_height, maximum_pressure, maximum_height_stddev, maximum_pressure_stddev, average_height, average_pressure, count, last_updater, last_updated) VALUES (230, 173, 64, '2021-05-20 00:00:00+00', 32.5, 0.3, 656.3, 1.3, 39.7, 1053.7, 0.4, 2.6, 36.8, 988.1, 25, 'wetodb', '2021-05-20 08:16:45.27766+00');
INSERT INTO public.hybrid_level_height (producer_id, geometry_id, level_value, analysis_time, minimum_height, minimum_height_stddev, minimum_pressure, minimum_pressure_stddev, maximum_height, maximum_pressure, maximum_height_stddev, maximum_pressure_stddev, average_height, average_pressure, count, last_updater, last_updated) VALUES (230, 173, 65, '2021-05-20 00:00:00+00', 10.6, 0.1, 658.2, 1.3, 13.1, 1056.8, 0.2, 2.6, 12.2, 991.0, 25, 'wetodb', '2021-05-20 08:16:45.27766+00');
